category_large,category_medium,category_small,recommendation_fit,physical_activity,mental_activity,gender_work,price,obstacle,collective,time_consuming,weather_affected,health,growth,creativity,period,generation,season,feeling,classification
여가,감상,평소에 안듣는 음악 감상,1,0,1,0,0,2,1,2,0,0,0,1,3,0,0,1,0
여가,감상,음악 감상,0,0,1,0,0,1,1,2,0,0,0,1,4,0,0,1,0
여가,감상,뮤지컬 보기,1,2,1,0,2,3,0,3,1,0,0,1,0,4,0,1,0
여가,감상,오페라 보기,1,2,1,0,3,3,0,3,1,0,0,1,0,4,0,1,0
여가,감상,연극 보기,1,2,1,0,2,3,0,3,1,0,0,1,0,4,0,1,0
여가,감상,미술 작품 감상,0,0,2,0,2,2,0,3,1,0,0,1,0,4,0,1,0
여가,감상,집에서 영화 시청,1,0,2,0,2,1,1,3,0,0,0,1,1,0,0,0,0
여가,감상,드라마 시청,1,0,2,0,0,1,0,3,0,0,0,1,2,0,0,0,0
여가,감상,소설 읽기,1,0,2,0,0,1,1,3,0,0,2,1,2,0,0,0,0
여가,감상,시 읽기,1,0,2,0,0,1,1,2,0,0,2,1,2,0,0,0,0
여가,감상,사진 감상,1,0,1,0,0,1,1,2,0,0,0,1,2,0,0,0,0
여가,감상,유튜브 시청,1,0,1,0,0,1,1,2,0,0,0,1,3,0,0,1,0
여가,감상,OTT 시청,1,0,1,0,2,1,1,3,0,0,0,1,2,0,0,1,0
여가,감상,인터넷 서핑,0,0,1,0,0,1,1,2,0,0,0,1,3,0,0,0,0
여가,감상,TV 시청,1,0,1,0,0,1,0,3,0,0,0,1,3,0,0,0,0
여가,기타,쇼핑하기,0,2,0,0,3,1,0,3,1,0,0,0,1,0,0,0,0
여가,기타,새로운 식물 키워보기,1,1,1,0,2,2,1,2,0,0,0,1,0,0,0,1,0
여가,기타,피아노 연주,0,1,2,0,0,3,1,2,0,0,0,2,2,0,0,0,4
여가,기타,기타 연주,0,1,2,0,0,3,1,2,0,0,0,2,2,0,0,0,4
여가,기타,밴드 활동 하기,0,1,2,0,0,3,2,3,1,0,0,2,2,0,0,0,4
여가,기타,새로운 악기 배워 보기,1,2,3,0,3,4,1,2,0,0,2,2,0,0,0,1,0
여가,기타,드럼 치기,0,2,2,0,0,3,1,2,0,0,0,2,2,0,0,4,4
여가,기타,악기 연습하기,0,2,2,0,0,3,1,2,0,0,2,2,2,0,0,4,4
여가,기타,독서,1,0,3,0,0,1,1,2,0,0,2,1,2,0,0,1,0
여가,기타,아이돌 안무 카피하기,1,4,1,0,0,2,0,2,0,2,0,1,2,4,0,4,0
여가,기타,야외 코딩하기,0,1,4,0,0,3,0,3,1,0,2,2,0,0,0,4,0
여가,기타,캠프파이어하기,0,1,1,0,3,3,2,3,1,0,0,0,0,0,0,1,0
여가,기타,애니메이션 시청하기,0,0,1,0,0,1,0,2,0,0,0,1,2,4,0,1,0
여가,기타,관심가는 것 수집 해보기,1,1,1,0,3,2,1,2,0,0,0,1,1,0,0,1,0
여가,기타,재즈 들어보기,1,0,1,0,0,1,1,2,0,0,0,1,1,0,0,0,0
여가,기타,클래식 들어보기,1,0,1,0,0,1,1,2,0,0,0,1,1,0,0,0,0
여가,기타,다도하기(차 마시기),1,1,1,0,2,2,0,2,0,0,0,1,1,0,0,0,0
여가,기타,새로운 취미 학원 알아보기,1,0,2,0,0,2,1,2,0,0,0,2,0,0,0,0,0
여가,여행/탐방/방문,콘서트 가기,1,2,1,0,3,3,0,3,1,0,0,1,0,4,0,1,5
여가,여행/탐방/방문,피크닉 가기,1,2,0,0,1,2,0,3,1,0,0,0,0,0,0,1,5
여가,여행/탐방/방문,소품샵 탐방,1,2,0,0,2,2,0,3,1,0,0,0,0,4,0,1,0
여가,여행/탐방/방문,바(Bar)에서 한 잔하기,1,2,0,0,3,2,0,3,1,0,0,0,0,1,0,1,0
여가,여행/탐방/방문,맛집 탐방,1,2,0,0,2,2,0,3,1,0,0,0,1,0,0,1,0
여가,여행/탐방/방문,카페가기,1,2,0,0,2,2,0,3,1,0,0,0,2,0,0,1,0
여가,여행/탐방/방문,바다 놀러가기,1,2,0,0,0,2,0,4,1,0,0,0,0,0,0,1,2
여가,여행/탐방/방문,계곡 놀러가기,1,2,0,0,0,2,0,4,1,0,0,0,0,0,0,1,2
여가,여행/탐방/방문,노래방가기,1,2,0,0,1,2,0,2,1,0,0,1,1,0,0,1,0
여가,여행/탐방/방문,캠핑하기,1,3,0,0,3,3,2,4,1,0,0,0,0,0,0,1,2
여가,여행/탐방/방문,트래킹하기,1,4,0,0,0,2,0,4,1,2,0,0,0,4,0,1,3
여가,여행/탐방/방문,방 탈출 카페 가기,0,2,0,0,2,2,2,2,1,0,0,0,0,4,0,1,0
여가,여행/탐방/방문,MT가기,0,2,0,0,2,2,2,4,1,0,0,0,0,6,0,0,2
여가,여행/탐방/방문,수학여행가기,0,2,0,0,2,2,2,4,1,0,0,0,0,5,0,1,2
여가,여행/탐방/방문,공방 체험하기,1,2,0,0,2,2,0,3,1,0,0,1,0,0,0,1,0
여가,여행/탐방/방문,보드 게임 카페 가기,1,2,0,0,2,2,2,3,1,0,0,1,0,4,0,1,0
여가,여행/탐방/방문,전시회 가기,1,2,0,0,2,3,0,3,1,0,2,1,0,0,0,1,5
여가,여행/탐방/방문,박물관 관람하기,1,2,0,0,2,3,0,3,1,0,2,1,0,0,0,0,5
여가,여행/탐방/방문,영화 보러 가기,1,2,0,0,2,2,0,3,1,0,0,1,1,0,0,1,0
여가,여행/탐방/방문,아쿠아리움 가기,1,2,0,0,3,2,0,3,1,0,0,1,0,0,0,1,1
여가,여행/탐방/방문,가족과 짧은 외출,1,2,0,0,2,1,2,2,1,0,0,0,2,0,0,1,1
여가,여행/탐방/방문,놀이공원 가기,1,2,0,0,3,2,0,4,1,0,0,1,0,4,0,1,2
여가,여행/탐방/방문,동물원 가기,1,2,0,0,3,2,0,3,1,0,0,1,0,4,0,1,2
여가,여행/탐방/방문,파티하기,0,2,0,0,2,2,2,4,1,0,0,0,0,0,0,1,5
여가,여행/탐방/방문,백화점에 쇼핑가기,1,2,0,0,4,2,0,3,1,0,0,0,0,0,0,1,0
여가,여행/탐방/방문,시장 탐방,1,2,0,0,2,2,0,3,1,0,0,0,0,0,0,0,0
여가,여행/탐방/방문,드라이브하기,1,1,0,0,0,2,0,3,1,0,0,0,1,1,0,1,0
여가,여행/탐방/방문,페스티벌 놀러가기,1,2,0,0,2,2,0,3,1,0,0,0,0,0,0,1,5
여가,여행/탐방/방문,별 보러 가기,1,2,0,0,0,2,0,3,1,0,0,0,0,0,0,1,0
여가,여행/탐방/방문,관광지 여행가기,1,2,0,0,1,2,0,4,1,0,0,0,0,0,0,1,2
여가,여행/탐방/방문,호캉스 즐기기,1,1,0,0,3,2,0,4,0,0,0,0,0,0,0,1,5
여가,여행/탐방/방문,원데이 클래스 가기,1,2,2,0,3,2,0,3,1,0,0,1,0,0,0,1,0
여가,여행/탐방/방문,성심당 방문하기,1,2,0,0,0,1,0,2,1,0,0,0,0,0,0,1,2
여가,여행/탐방/방문,한강에서 라면 끓여먹기,1,1,1,0,1,1,0,2,1,0,0,0,0,0,0,1,2
여가,여행/탐방/방문,광안리에서 바닷풍경 보기,1,1,0,0,0,1,0,3,1,0,0,0,0,0,0,1,2
여가,여행/탐방/방문,여수 밤바다 보러가기,1,1,0,0,0,1,0,3,1,0,0,0,0,0,0,1,2
여가,여행/탐방/방문,불꽃놀이 보러 가기,0,1,0,0,0,1,0,2,1,0,0,0,0,0,0,1,0
여가,여행/탐방/방문,템플 스테이,0,2,1,0,3,2,0,4,1,0,0,0,0,0,0,0,5
여가,온라인,컴퓨터 게임 하기,0,0,3,0,0,1,0,3,0,0,0,2,2,4,0,1,0
여가,온라인,SNS 활동 하기,0,0,1,0,0,1,0,2,0,0,0,1,4,4,0,0,0
여가,온라인,휴대폰 게임 하기,0,0,2,0,0,1,0,2,0,0,0,2,3,4,0,1,0
여가,온라인,웹 서핑,1,0,1,0,0,1,0,2,0,0,0,1,4,0,0,0,0
여가,운동,축구 하기,1,4,2,0,1,2,2,3,1,2,2,1,1,4,0,4,3
여가,운동,야구 하기,0,4,2,0,1,2,2,3,1,2,2,1,1,4,0,4,3
여가,운동,농구 하기,1,4,2,0,1,2,2,3,1,2,2,1,1,4,0,4,3
여가,운동,배구 하기,1,4,2,0,1,2,2,3,1,2,2,1,1,4,0,4,3
여가,운동,풋살 하기,1,4,2,0,2,2,2,3,1,2,2,1,1,4,0,4,3
여가,운동,하키 하기,0,4,2,0,2,4,2,3,0,2,2,1,1,4,4,4,3
여가,운동,골프 치기,1,3,2,0,4,3,2,3,1,2,2,1,1,4,0,4,3
여가,운동,당구 치기,1,3,2,0,2,2,2,2,0,2,2,1,1,4,0,1,3
여가,운동,포켓볼 치기,1,3,2,0,2,2,2,2,0,2,2,1,1,4,0,1,3
여가,운동,볼링 치기,1,3,2,0,2,2,2,2,0,2,2,1,1,4,0,4,3
여가,운동,족구 하기,1,4,2,0,1,2,2,3,1,2,2,1,1,4,0,4,3
여가,운동,테니스 하기,0,4,2,0,3,3,2,2,1,2,2,1,1,4,0,4,3
여가,운동,배드민턴 하기,1,4,2,0,1,2,2,2,0,2,2,1,1,4,0,4,3
여가,운동,탁구 치기,1,4,2,0,1,2,2,2,0,2,2,1,1,4,0,4,3
여가,운동,스쿼시 하기,0,4,2,0,2,3,2,3,1,2,2,1,1,4,0,4,3
여가,운동,피구 하기,1,4,2,0,1,2,2,2,1,2,2,1,1,4,0,4,3
여가,운동,컬링 하기,0,4,2,0,2,4,2,2,0,2,2,1,1,4,0,4,3
여가,운동,체조 하기,1,3,1,0,0,1,0,2,0,2,2,1,2,4,0,4,3
여가,운동,홈트레이닝 하기,1,4,1,0,0,1,0,2,0,2,2,1,3,4,0,4,3
여가,운동,헬스 하기,1,4,1,0,2,2,0,2,0,2,2,0,3,4,0,4,3
여가,운동,태권도 하기,0,4,2,0,1,2,0,2,0,2,2,1,2,4,0,4,3
여가,운동,유도 하기,0,4,2,0,1,3,0,2,0,2,2,1,2,4,0,4,3
여가,운동,검도 하기,0,4,2,0,1,3,0,2,0,2,2,1,2,4,0,4,3
여가,운동,복싱 하기,1,4,2,0,1,2,2,2,0,2,2,1,2,4,0,4,3
여가,운동,줄넘기 하기,1,4,2,0,1,1,0,2,1,2,2,1,2,4,0,4,3
여가,운동,주짓수 하기,0,4,2,0,1,2,2,2,0,2,2,1,1,4,0,4,3
여가,운동,레슬링 하기,0,4,2,0,1,2,2,2,0,2,2,1,1,4,0,4,3
여가,운동,활 쏘기,0,3,2,0,4,4,0,2,1,2,2,1,1,4,0,4,3
여가,운동,씨름 하기,0,4,2,0,1,2,2,2,1,2,2,1,1,4,0,4,3
여가,운동,러닝 하기,1,4,1,0,0,1,0,2,1,2,2,0,2,4,0,4,3
여가,운동,조깅 하기,1,4,1,0,0,1,0,2,1,2,2,0,2,4,0,4,3
여가,운동,걷기,1,3,1,0,0,0,0,2,1,2,2,0,3,0,0,0,3
여가,운동,마라톤 하기,0,4,1,0,0,1,0,3,1,2,2,0,1,4,0,4,3
여가,운동,경보 뛰기,1,4,1,0,0,1,0,2,1,2,2,0,2,4,0,4,3
여가,운동,철봉 운동 하기,1,4,1,0,0,1,0,2,1,2,2,0,2,4,0,4,3
여가,운동,턱걸이 하기,1,4,1,0,0,1,0,2,1,2,2,0,2,4,0,4,3
여가,운동,팔굽혀펴기 하기,1,4,1,0,0,0,0,2,0,2,2,0,3,4,0,4,3
여가,운동,윗몸일으키기 하기,1,4,1,0,0,0,0,2,0,2,2,0,3,4,0,4,3
여가,운동,수영 하기,1,4,2,0,2,2,0,3,1,2,2,1,1,4,0,4,3
여가,운동,서핑 하기,0,4,2,0,4,4,0,3,1,2,2,1,1,4,0,4,3
여가,운동,스키 타기,1,4,2,0,4,3,0,3,1,2,2,1,0,4,4,4,3
여가,운동,스케이트 타기,1,4,2,0,3,3,0,3,1,2,2,1,0,4,0,4,3
여가,운동,스노보드 타기,1,4,2,0,4,3,0,3,1,2,2,1,0,4,4,4,3
여가,운동,사격 하기,0,3,2,0,4,2,0,2,1,2,2,1,1,4,0,0,3
여가,운동,경마 하기,0,4,2,0,4,4,0,2,1,2,2,1,1,4,0,4,3
여가,운동,사이클 하기,0,4,2,0,4,3,0,3,1,2,2,1,1,4,0,4,3
여가,운동,자전거 타기,1,3,2,0,0,2,0,2,1,2,2,1,2,4,0,0,3
여가,운동,산책하기,1,3,1,0,0,0,0,2,1,2,2,0,2,0,0,1,3
여가,운동,필라테스,0,3,1,0,0,2,0,2,0,2,2,1,2,4,0,4,3
여가,운동,요가하기,0,3,1,0,0,2,0,2,0,2,2,1,2,4,0,4,3
여가,창작,사진 촬영,0,1,1,0,0,1,0,2,1,2,0,2,2,0,0,0,0
여가,창작,동영상 촬영,0,1,1,0,0,1,0,2,1,0,0,2,2,0,0,0,0
여가,창작,일기 쓰기,1,1,2,0,0,1,1,2,0,0,0,2,3,0,0,0,0
여가,창작,시 쓰기,1,1,3,0,0,2,1,2,0,0,0,2,0,0,0,0,0
여가,창작,작곡 하기,0,1,3,0,2,4,1,3,0,0,0,2,0,0,0,0,0
여가,창작,작사 하기,0,1,3,0,0,3,1,3,0,0,0,2,0,0,0,0,0
여가,창작,소설 쓰기,0,1,3,0,0,2,1,3,0,0,0,2,0,0,0,0,0
여가,창작,연극 하기,0,3,2,0,2,4,2,3,1,0,0,2,0,4,0,0,0
여가,창작,춤 추기,0,4,2,0,2,3,0,2,0,2,0,2,2,4,0,0,0
여가,창작,드로잉 하기,0,1,2,0,2,3,1,2,0,0,0,2,2,0,0,0,0
여가,창작,공예 활동,1,1,2,0,3,3,0,3,0,0,0,2,1,0,0,0,0
여가,창작,십자수 만들기,0,1,2,0,1,2,1,2,0,0,0,2,2,0,0,0,0
여가,창작,뜨개질 하기,0,1,2,0,1,2,1,2,0,0,0,2,2,0,0,0,0
여가,창작,노래 부르기,1,2,1,0,0,1,0,2,0,0,0,2,2,0,0,1,0
여가,창작,퍼즐 맞추기,0,0,3,0,2,1,0,2,0,0,0,2,1,5,0,0,0
여가,창작,도예 활동,0,2,2,0,3,3,0,3,0,0,0,2,1,0,0,0,0
여가,창작,컬러링북 색칠하기,0,1,2,0,2,1,0,2,0,0,0,2,1,5,0,0,0
소통,기타,부모님께 고마운 점 전해드리기,1,0,2,0,0,2,2,1,0,0,0,0,1,4,0,1,0
소통,대면,대화 나누기,0,0,2,0,0,0,2,2,0,0,0,1,4,0,0,1,0
소통,대면,고백하기,0,1,2,0,0,1,2,1,0,0,0,1,0,0,0,3,0
소통,대면,상담하기,0,0,3,0,0,2,2,2,0,0,0,1,0,0,0,0,0
소통,대면,친구와 수다 떨기,1,0,2,0,0,0,2,2,0,0,0,0,2,0,0,1,0
소통,대면,데이트 하기,0,2,1,0,3,1,2,4,1,0,0,1,2,0,0,1,0
소통,대면,가족과 식사하기,1,1,1,0,3,0,2,3,0,0,0,0,2,0,0,1,0
소통,대면,가족과 시간 보내기,1,1,1,0,0,0,2,3,0,0,0,0,2,0,0,1,0
소통,대면,가족사진 찍기,1,1,1,0,0,1,2,1,0,0,0,0,2,0,0,1,0
소통,대면,가족 족욕시켜주기,1,2,1,0,0,1,2,1,0,0,0,0,1,4,0,1,0
소통,대면,가족 어깨주물러주기,1,2,1,0,0,1,2,1,0,0,0,0,1,4,0,1,0
소통,대면,가장 친한 지인에게 고민 털어놓아보기,1,0,2,0,0,2,2,2,0,0,0,0,1,0,0,0,0
소통,메신저,문자 하기,0,0,2,0,0,0,2,1,0,0,0,0,4,0,0,0,0
소통,메신저,카카오톡 하기,0,0,2,0,0,0,2,1,0,0,0,0,4,0,0,0,0
소통,메신저,DM 하기,0,0,2,0,0,1,2,1,0,0,0,0,4,4,0,0,0
소통,메신저,페이스북 메시지 하기,0,0,2,0,0,1,2,1,0,0,0,0,4,4,0,0,0
소통,통화,전화 통화 하기,0,1,2,0,0,0,2,2,0,0,0,0,4,0,0,0,0
소통,통화,영상 통화 하기,0,1,2,0,0,1,2,2,0,0,0,0,1,0,0,0,0
소통,통화,부모님께 안부 인사드리기,1,0,1,0,0,0,2,1,0,0,0,0,2,0,0,0,0
성장,시험,시험(앉아서 보는),0,0,4,0,0,2,1,3,0,0,2,2,0,4,0,4,6
성장,시험,자격증 시험(앉아서 보는),0,0,4,0,3,2,1,3,0,0,2,2,0,4,0,4,6
성장,시험,시험(움직이면서 보는),0,3,4,0,0,2,1,3,0,0,2,2,0,4,0,4,6
성장,시험,자격증 시험(움직이면서 보는),0,3,4,0,3,2,1,3,0,0,2,2,0,4,0,4,6
성장,시험,면접 보기,0,1,3,0,0,3,2,3,0,0,2,2,0,4,0,4,6
성장,시험,코딩테스트 보기,0,0,4,0,0,3,1,3,0,0,2,2,0,4,0,4,6
성장,학습,새로운 것 공부해보기,1,0,4,0,2,3,1,3,0,0,2,2,0,6,0,0,0
성장,학습,공부하기,1,0,4,0,0,1,1,3,0,0,2,2,3,4,0,0,0
성장,학습,강의 듣기,0,0,4,0,2,1,1,3,0,0,2,2,2,4,0,0,0
성장,학습,단어 외우기,0,0,3,0,0,1,1,1,0,0,2,1,3,4,0,0,0
성장,학습,숙제하기,0,1,3,0,0,1,0,3,0,0,2,2,2,5,0,0,0
성장,학습,과제하기,0,1,3,0,0,1,0,3,0,0,2,2,2,6,0,0,0
성장,학습,알고리즘 문제 풀기,0,1,4,0,0,2,1,3,0,0,2,2,2,4,0,0,0
성장,학습,스터디 모임,0,1,4,0,0,2,2,2,0,0,2,2,2,4,0,0,0
성장,학습,최근 사회 이슈 찾아보기,1,0,2,0,0,1,1,2,0,0,2,1,1,0,0,0,0
성장,학습,최근 정치 이슈 찾아보기,1,0,2,0,0,1,1,2,0,0,2,1,1,0,0,0,0
일상,개인업무,차량 청소,0,2,1,0,0,2,0,2,1,0,0,1,0,1,0,0,0
일상,건강,물 많이 마시기,1,0,0,0,0,0,1,0,0,2,0,0,4,0,0,0,0
일상,건강,탄산음료 안마시기,1,0,0,0,0,1,1,0,0,2,0,0,4,0,0,0,0
일상,건강,커피 안마시기,1,0,0,0,0,1,1,0,0,2,0,0,4,0,0,0,0
일상,건강,일찍 자기,1,0,0,0,0,1,1,0,0,2,0,0,3,0,0,0,0
일상,건강,영양제 챙겨먹기,1,0,0,0,2,1,1,0,0,2,0,0,3,0,0,0,0
일상,건강,스트레칭하기,1,2,1,0,0,0,0,1,0,2,0,0,3,0,0,1,0
일상,건강,건강검진 받기,1,1,1,0,2,2,0,3,0,2,0,0,0,1,0,0,0
일상,건강,치료 받기,0,1,1,0,2,1,0,2,0,2,0,0,1,0,0,0,0
일상,건강,건강식 먹기,1,0,0,0,2,1,0,2,0,2,0,0,2,0,0,0,0
일상,건강,"간식, 야식 없는 하루 보내기",1,0,0,0,0,1,1,0,0,2,0,0,3,0,0,0,0
일상,다이어트,식단 관리,0,0,0,0,0,2,0,0,0,2,0,0,3,4,0,0,0
일상,다이어트,유산소 운동,1,4,1,0,0,1,0,2,1,2,0,0,2,4,0,0,3
일상,다이어트,러닝머신 타기,1,4,1,0,0,1,0,2,0,2,0,0,2,4,0,0,3
일상,식사,중식 먹기,1,0,0,0,2,1,0,2,0,0,0,0,3,0,0,1,1
일상,식사,한식 먹기,1,0,0,0,2,0,0,2,0,0,0,0,3,0,0,1,1
일상,식사,양식 먹기,1,0,0,0,2,1,0,2,0,0,0,0,3,0,0,1,1
일상,식사,일식 먹기,1,0,0,0,2,1,0,2,0,0,0,0,3,0,0,1,1
일상,식사,해외의 특이한 음식 먹어보기,1,0,0,0,2,3,0,2,0,0,0,0,0,0,0,1,1
일상,식사,안먹어본 음식 먹어보기,1,0,0,0,2,3,0,2,0,0,0,0,0,0,0,1,1
일상,일상,샤워 하기,0,1,0,0,0,0,1,2,0,2,0,0,4,0,0,0,0
일상,일상,세수 하기,0,1,0,0,0,0,1,1,0,2,0,0,4,0,0,0,0
일상,일상,머리 감기,0,1,0,0,0,0,1,1,0,2,0,0,4,0,0,0,0
일상,일상,양치 하기,0,1,0,0,0,0,1,1,0,2,0,0,4,0,0,0,0
일상,일상,집밥 먹기,1,0,0,0,0,1,0,2,0,2,0,0,4,0,0,0,1
일상,일상,간식 먹기,0,0,0,0,1,0,0,2,0,1,0,0,3,0,0,0,0
일상,일상,외식 하기,1,2,1,0,2,1,0,2,1,0,0,0,3,0,0,0,1
일상,일상,산책 하기,1,2,1,0,0,0,0,2,1,2,0,0,3,0,0,0,0
일상,일상,머리 자르기,0,1,1,0,2,0,0,2,1,0,0,1,1,0,0,0,0
일상,일상,미용실 가기,0,2,1,0,3,1,0,2,1,0,0,0,1,0,0,0,0
일상,일상,파마 하기,0,1,1,0,3,2,1,3,1,0,0,1,0,4,0,0,0
일상,일상,헤어 스타일 바꿔보기,1,1,1,0,3,3,1,3,1,0,0,2,0,0,0,1,0
일상,일상,뉴스 시청하기,1,0,2,0,0,0,0,2,0,0,2,1,3,0,0,0,0
일상,일상,신문 읽기,1,0,2,0,0,1,1,2,0,0,0,1,3,0,0,0,0
일상,일상,반려동물 놀아주기,0,2,1,0,0,2,0,2,0,0,0,2,4,0,0,1,0
일상,일상,아기 놀아주기,0,2,1,0,0,2,0,2,0,0,0,2,4,0,0,0,0
일상,일상,반려동물 산책시키기,0,2,1,0,0,2,0,2,1,0,0,1,4,0,0,1,0
일상,일상,반려동물 밥 챙기기,0,1,1,0,0,2,0,2,0,0,0,1,4,0,0,0,0
일상,일상,머리 말리기,0,1,0,0,0,0,1,1,0,0,0,0,4,0,0,0,0
일상,일상,주식 확인하기,0,0,1,0,0,3,1,1,0,0,0,1,3,1,0,0,0
일상,일상,눈썹 관리하기,1,1,1,0,0,2,1,2,0,0,0,1,2,0,0,0,0
일상,일상,화장 하기,0,1,1,0,0,1,1,2,0,0,0,0,3,0,0,0,0
일상,일상,피부 관리 하기,1,1,1,0,0,1,1,2,0,0,0,0,2,0,0,0,0
일상,일상,온라인 쇼핑,1,0,1,0,3,1,1,2,0,0,0,1,1,0,0,0,0
일상,일상,옷 신경써서 입기,1,1,1,0,0,2,1,1,0,0,0,2,1,0,0,0,0
일상,일상,외모 관리 신경 쓰기,1,1,1,0,2,2,1,2,0,0,0,2,1,0,0,0,0
일상,일상,맥주 한 잔 하기,1,0,0,0,2,1,0,2,0,0,0,0,2,1,0,1,0
일상,힐링,명상 하기,1,0,0,0,0,0,1,1,0,2,0,0,3,0,0,0,0
일상,힐링,낮잠 자기,1,0,0,0,0,0,1,2,0,0,0,0,2,0,0,1,0
일상,힐링,불멍 하기,1,0,0,0,0,0,0,2,1,0,0,0,0,0,0,0,0
일상,힐링,물멍 하기,1,0,0,0,0,0,0,2,1,0,0,0,0,0,0,0,0
일상,힐링,새로운 스트레스 해소 방법 찾기,1,1,2,0,0,2,0,2,0,2,0,2,0,0,0,0,0
일상,힐링,멍 때리기,0,0,0,0,0,0,1,1,0,0,0,0,2,0,0,0,0
일상,힐링,푹 쉬기,1,0,0,0,0,0,1,2,0,0,0,0,2,0,0,1,0
일상,힐링,푹 누워있기,1,0,0,0,0,0,0,2,0,2,0,0,2,0,0,1,0
일상,일상,주식 매도,0,0,4,0,0,3,1,1,0,0,0,1,0,1,0,0,0
일상,일상,주식 매수,0,0,4,0,4,3,1,1,0,0,0,1,0,1,0,0,0
일상,일상,일찍 자기,1,0,0,0,0,1,1,0,0,2,0,0,3,0,0,0,0
일상,일상,올해 계획의 이행 여부 확인하기,1,0,2,0,0,1,1,1,0,0,0,1,0,0,0,0,0
일상,일상,휴대폰 사용량 확인 및 줄이기,1,0,2,0,0,1,1,1,0,2,0,1,2,0,0,0,0
일상,일상,반신욕하기,1,0,0,0,0,0,1,2,0,2,0,0,1,0,0,1,0
일상,일상,족욕하기,1,1,0,0,0,0,0,2,0,2,0,0,1,0,0,1,0
과업,개인업무,개인 업무 하기,0,2,2,0,0,2,1,2,0,0,0,2,2,0,0,0,0
과업,개인업무,은행 업무 보기,0,2,2,0,0,2,1,2,0,0,0,2,1,0,0,0,0
과업,개인업무,밀린 숙제 끝내기,0,1,2,0,0,2,1,3,0,0,2,2,2,5,0,0,0
과업,개인업무,밀린 과제 끝내기,0,1,2,0,0,2,1,3,0,0,2,2,2,6,0,0,0
과업,개인업무,밀린 일 확인해보기,1,1,2,0,0,2,1,1,0,0,0,1,2,0,0,0,0
과업,개인업무,밀린 일 끝내기,1,2,2,0,0,2,1,3,0,0,2,2,2,0,0,0,0
과업,개인업무,예비군 다녀오기,0,3,1,1,0,2,1,4,0,0,0,1,0,6,0,4,0
과업,개인업무,고정지출 확인 및 정리,1,0,3,0,2,2,1,1,0,0,0,2,1,0,0,0,0
과업,개인업무,마당/정원 관리,0,2,1,0,0,2,1,3,1,0,0,2,0,0,0,0,0
과업,개인업무,자동차 청소,0,2,1,0,0,2,1,2,0,0,0,1,0,1,1,0,0
과업,개인업무,일주일 계획 짜기,1,0,2,0,0,1,1,1,0,0,0,1,2,0,1,0,0
과업,개인업무,여행 계획해보기,1,0,2,0,0,1,1,2,0,0,0,1,0,0,0,1,0
과업,개인업무,자동차 주유하기,0,1,1,0,2,2,1,1,1,0,0,0,1,1,0,0,0
과업,개인업무,집 인테리어 꾸며보기,1,2,2,0,4,2,1,3,0,0,0,2,0,0,0,0,0
과업,개인업무,자동차 수리하기,0,2,2,0,4,3,1,3,1,0,0,1,0,1,0,0,0
과업,개인업무,고장난 기계 수리하기,0,2,2,0,3,3,1,3,0,0,0,1,0,1,0,0,0
과업,개인업무,투표 하기,0,1,1,0,0,1,1,1,0,0,0,0,0,1,0,0,0
과업,개인업무,식물 관리하기,0,1,2,0,2,2,1,1,0,0,0,1,1,0,0,0,0
과업,개인업무,프로젝트 수행하기,0,1,3,0,0,2,1,3,0,0,0,2,1,6,0,0,0
과업,개인업무,강연 하기,0,2,3,0,0,3,1,2,0,0,2,2,0,1,0,0,0
과업,개인업무,투자 분석,0,1,4,0,0,3,1,2,0,0,2,2,1,1,0,0,0
과업,개인업무,병원 가기,0,2,1,0,0,1,1,2,1,0,0,0,1,0,0,0,0
과업,개인업무,재무 계획 작성,0,0,3,0,0,3,1,2,0,0,0,2,0,1,0,0,0
과업,개인업무,To Do List 작성,1,0,2,0,0,2,1,1,0,0,0,2,3,0,0,0,0
과업,개인업무,주식시장 분석하기,0,0,4,0,0,4,1,2,0,0,2,2,1,1,0,0,0
과업,개인업무,기차표 예매하기,0,0,2,0,2,1,0,1,0,0,0,0,0,0,0,0,0
과업,개인업무,버스표 예매하기,0,0,2,0,2,1,0,1,0,0,0,0,0,0,0,0,0
과업,개인업무,등교 일찍하기,0,1,1,0,2,1,1,0,0,0,0,0,3,5,0,0,0
과업,개인업무,회의 하기,0,1,3,0,0,1,2,2,0,0,2,2,2,1,0,0,0
과업,직장업무,업무 감독,0,1,3,0,0,3,0,3,0,0,2,2,2,1,0,0,0
과업,직장업무,업무 컨설팅,0,1,3,0,0,3,0,3,0,0,2,2,2,1,0,0,0
과업,직장업무,보고서 작성,0,1,3,0,0,3,0,3,0,0,2,2,2,1,0,0,0
과업,직장업무,프로젝트,0,1,3,0,0,3,0,3,0,0,2,2,2,1,0,0,0
과업,직장업무,출근 일찍하기,1,1,1,0,2,1,1,0,0,0,0,0,3,1,0,0,0
과업,직장업무,업무 미팅하기,0,1,3,0,0,1,2,2,0,0,2,2,2,1,0,0,0
과업,집안일,쌓인 쓰레기 버리기,1,1,0,0,0,1,1,2,0,0,0,0,2,0,0,0,0
과업,집안일,분리수거하기,1,1,1,0,0,1,1,2,0,0,0,1,2,0,0,0,0
과업,집안일,안쓰는 물건 버리기,1,1,1,0,0,1,1,2,0,0,0,1,1,0,0,0,0
과업,집안일,집안 대청소,1,2,2,0,0,2,0,2,1,0,0,1,1,0,0,4,0
과업,집안일,장 보기,1,2,1,0,2,1,0,2,1,0,0,1,2,0,0,0,0
과업,집안일,집 환기하기,1,1,0,0,0,1,1,2,1,2,0,0,3,0,0,0,0
과업,집안일,요리 해먹기,1,1,2,0,0,2,0,2,0,2,0,2,2,0,0,0,0
과업,집안일,집안일하기,1,2,2,0,0,1,0,2,0,0,0,1,3,0,0,4,0
기타,봉사,환경봉사 하기,0,2,1,0,0,3,0,4,1,0,0,1,0,0,0,1,5
기타,봉사,사회봉사 하기,0,2,1,0,0,3,0,4,1,0,0,1,0,0,0,1,5
기타,종교,종교활동 하기,0,2,2,0,0,2,0,3,0,0,0,1,2,0,0,1,5
기타,종교,예배 드리기,0,1,2,0,0,2,0,3,0,0,0,1,2,0,0,0,0
기타,종교,기도하기,0,1,2,0,0,2,0,3,0,0,0,1,2,0,0,0,0
기타,종교,교회 가기,0,2,2,0,0,2,0,3,0,0,0,1,2,0,0,0,0
기타,종교,절 가기,0,2,2,0,0,2,0,3,0,0,0,1,2,0,0,0,0
기타,종교,성당 가기,0,2,2,0,0,2,0,3,0,0,0,1,2,0,0,0,0
기타,종교,108배 하기,0,4,1,0,0,4,0,3,0,2,0,0,0,0,0,0,5
기타,봉사,플로깅 하기,0,3,1,0,0,3,0,3,1,2,2,0,1,0,0,1,5
기타,봉사,유기견 보호소 봉사활동 하기,0,2,1,0,0,3,0,3,0,2,2,0,1,0,0,1,5
기타,봉사,구세군 기부하기,0,0,1,0,4,3,1,0,0,0,2,0,1,0,0,1,0
기타,봉사,유니세프 기부하기,0,0,1,0,4,3,1,0,0,0,2,0,1,0,0,1,0
기타,봉사,사랑의 열매 기부하기,0,0,1,0,4,3,1,0,0,0,2,0,1,0,0,1,0
기타,봉사,이동 봉사 하기,0,3,0,0,0,0,0,3,0,0,2,0,0,0,0,1,5
기타,봉사,연탄 봉사 하기,0,3,0,0,2,0,2,3,1,2,2,0,0,0,0,1,5
기타,봉사,단기 해외 봉사,0,4,2,0,4,3,2,4,0,2,2,0,0,0,0,1,5
기타,문화,최신 트렌드 알아보기,1,0,1,0,0,0,1,1,0,0,2,1,1,1,0,0,0
기타,문화,유행어 알아보기,1,0,1,0,0,0,1,1,0,0,2,1,1,1,0,0,0
기타,문화,개인 브랜드 구축하기,0,2,4,0,4,4,0,4,0,0,0,2,5,1,0,0,0
기타,문화,인테리어 하기,0,4,4,0,4,4,0,4,0,0,0,2,5,1,0,0,5
기타,문화,이사가기,0,4,3,0,4,4,2,4,0,0,0,0,5,1,0,4,5
기타,문화,유튜브 채널 운영하기,0,0,3,0,4,1,0,2,0,0,0,2,1,0,0,0,0
기타,봉사,나무 심기,1,3,0,0,2,0,0,2,1,0,2,0,0,0,0,1,0
기타,문화,태극기 게양하기,0,1,1,0,0,1,1,1,0,0,2,0,0,0,0,1,0
기타,종교,새벽기도 나가기,0,2,1,0,0,1,1,2,0,0,0,0,3,0,0,4,0
기타,종교,성탄절 전야 예배 참석하기,0,2,0,0,0,1,0,3,0,0,0,0,0,0,5,1,5
기타,종교,십일조 내기,0,0,0,0,3,2,0,1,0,0,0,0,1,0,0,0,0
기타,문화,성묘 가기,0,3,0,0,0,3,0,3,0,0,0,0,0,0,0,0,0
기타,종교,찬송가 부르기,0,1,0,0,0,0,0,1,0,0,0,0,2,0,0,0,0
기타,문화,세배 하기,0,1,0,0,0,0,2,1,0,0,0,0,0,0,0,0,0
기타,종교,성가대 참여하기,0,1,0,0,0,0,2,2,0,0,0,0,2,0,0,0,0
기타,종교,포교활동 하기,0,3,0,0,0,0,2,2,0,0,0,0,0,0,0,0,0
기타,봉사,교육봉사 하기,0,3,0,0,0,0,2,3,0,0,0,0,2,1,0,0,0
기타,문화,차례 지내기,0,2,0,0,0,0,2,2,0,0,2,0,0,0,0,0,0
기타,종교,시주 하기,0,1,0,0,0,0,0,1,0,0,0,0,0,0,0,0,0
기타,종교,미사 참여하기,0,1,0,0,0,0,0,2,0,0,0,0,2,0,0,0,0
기타,종교,법회 참여하기,0,1,0,0,0,0,0,2,0,0,0,0,2,0,0,0,0
기타,종교,메카 가기,0,4,0,0,4,4,2,4,0,0,0,0,0,0,0,0,5
기타,종교,살라트 하기,0,1,0,0,0,1,1,1,0,0,0,0,3,0,0,0,0
기타,문화,송편 빚기,0,2,1,0,2,2,2,3,0,0,0,0,0,0,0,1,0
기타,문화,떡국 먹기,0,1,0,0,0,0,0,2,0,0,0,0,0,0,0,1,0
기타,문화,트리 꾸미기,0,2,1,0,2,2,0,2,0,0,0,1,0,0,0,1,0
기타,문화,팽이치기,0,2,0,0,1,1,2,1,0,0,0,0,0,0,0,1,0
기타,문화,널뛰기,0,2,0,0,0,1,2,2,1,0,0,0,0,0,0,1,0
기타,문화,연 날리기,0,2,0,0,1,1,0,2,1,0,0,0,0,0,0,1,0
기타,문화,비석치기,0,2,1,0,0,1,2,1,1,0,0,0,0,0,0,1,0
기타,문화,투호하기,0,2,0,0,0,1,0,1,1,0,0,0,0,0,0,1,0
기타,문화,쥐불놀이,0,2,0,0,0,1,0,1,1,0,0,0,0,0,0,1,0
기타,문화,줄다리기 하기,0,3,0,0,0,1,2,1,1,0,0,0,0,0,0,1,0
기타,문화,고스톱하기,1,1,1,0,1,0,2,2,0,0,0,1,0,0,0,1,0
기타,문화,공기놀이 하기,1,1,0,0,1,0,2,1,0,0,0,1,0,0,0,1,0
기타,문화,고무줄 놀이,0,2,0,0,1,0,2,1,0,0,0,1,1,0,0,1,0
기타,문화,제기차기,0,2,0,0,1,1,0,1,0,0,0,0,0,0,0,1,0
기타,문화,말뚝박기,0,3,0,0,0,3,2,2,1,0,0,0,0,0,0,1,0
기타,문화,자치기,0,2,0,0,0,2,2,1,1,0,0,0,0,0,0,1,0
기타,문화,가마놀이,0,3,0,0,0,2,2,2,1,0,0,0,0,0,0,1,0
과업,집안일,설거지하기,1,1,0,0,0,0,1,1,0,0,0,0,3,0,0,0,0
과업,집안일,책 정리,1,1,0,0,0,0,1,2,0,0,0,0,2,0,0,0,0
과업,집안일,냉장고 문 닫기,1,1,0,0,0,0,1,0,0,0,0,0,4,0,0,0,0
과업,개인업무,전기세 납부,0,0,0,0,2,0,1,0,0,0,0,0,1,1,0,2,0
과업,개인업무,수도세 납부,0,0,0,0,2,0,1,0,0,0,0,0,1,1,0,2,0
과업,개인업무,도시가스 납부,0,0,0,0,2,0,1,0,0,0,0,0,1,1,0,2,0
과업,집안일,신발빨래 하기,1,1,0,0,0,0,1,2,0,0,0,0,0,0,0,0,0
과업,개인업무,관리비 납부,0,0,0,0,3,0,1,0,0,0,0,0,1,1,0,2,0
과업,개인업무,건보료 납부,0,0,0,0,3,0,1,0,0,0,0,0,1,1,0,2,0
과업,개인업무,연말정산 하기,0,0,0,0,3,0,1,0,0,0,0,0,0,1,0,2,0
과업,개인업무,통신비 납부,0,0,0,0,3,0,1,0,0,0,0,0,1,1,0,2,0
과업,개인업무,1일 1커밋 하기,0,0,1,0,0,0,1,2,0,0,2,2,3,6,0,0,0
과업,개인업무,워크샵 참석하기,0,2,0,0,0,0,2,4,0,0,0,1,0,1,0,0,0
과업,집안일,빨래하기,1,1,0,0,0,0,1,2,0,0,0,0,2,0,0,0,0
과업,집안일,이불/베개 털기,1,1,0,0,0,0,1,1,0,0,0,0,3,0,0,0,0
과업,개인업무,시위 참여하기,0,3,0,0,0,3,2,4,1,0,0,0,0,1,0,4,5
과업,개인업무,부동산 시세 알아보기,0,0,1,0,0,0,1,1,0,0,0,0,1,1,0,0,0
과업,개인업무,적금 납부하기,0,0,0,0,4,0,1,0,0,0,0,0,1,1,0,2,0
과업,개인업무,여론조사 참여하기,0,0,0,0,0,0,1,1,0,0,0,0,0,1,0,0,0
과업,개인업무,보험 가입하기,0,0,0,0,0,0,1,1,0,0,0,0,0,1,0,2,0
과업,개인업무,보험금 청구하기,0,0,0,0,3,0,1,1,0,0,0,0,1,1,0,1,0
과업,개인업무,안과 가기,0,1,0,0,2,1,1,2,0,2,0,0,0,0,0,0,5
과업,개인업무,피부과 가기,0,1,0,0,2,1,1,2,0,2,0,0,0,0,0,0,5
과업,개인업무,이비인후과 가기,0,1,0,0,2,1,1,2,0,2,0,0,0,0,0,0,5
과업,개인업무,내과 가기,0,1,0,0,2,1,1,2,0,2,0,0,0,0,0,0,5
과업,개인업무,정형외과 가기,0,1,0,0,2,1,1,2,0,2,0,0,0,0,0,0,5
과업,개인업무,결핵 예방접종,1,1,0,0,2,1,1,2,0,2,0,0,0,0,0,0,5
과업,개인업무,B형간염 예방접종,1,1,0,0,2,1,1,2,0,2,0,0,0,0,0,0,5
과업,개인업무,A형간염 예방접종,1,1,0,0,2,1,1,2,0,2,0,0,0,0,0,0,5
과업,개인업무,일본뇌염 예방접종,1,1,0,0,2,1,1,2,0,2,0,0,0,0,0,0,5
과업,개인업무,홍역 예방접종,1,1,0,0,2,1,1,2,0,2,0,0,0,0,0,0,5
과업,개인업무,독감 예방접종,1,1,0,0,2,1,1,2,0,2,0,0,0,0,0,0,5
과업,개인업무,대상포진 예방접종,1,1,0,0,2,1,1,2,0,2,0,0,0,0,0,0,5
과업,집안일,창문 청소하기,1,2,1,0,0,1,1,2,0,0,0,0,1,0,0,0,0
과업,집안일,화장실 청소하기,1,3,1,0,0,1,1,2,0,0,0,0,1,0,0,0,0
과업,집안일,건조기 돌리기,1,2,0,0,0,0,1,1,0,0,0,0,2,0,0,0,0
과업,집안일,에어컨 청소하기,0,2,0,0,0,1,1,1,0,0,0,0,0,0,2,0,0
과업,집안일,선풍기 청소하기,0,2,0,0,0,1,1,1,0,0,0,0,0,0,2,0,0
과업,집안일,청소기 비우기,1,2,0,0,0,1,1,1,0,0,0,0,2,0,0,0,0
과업,집안일,제습기 돌리기,1,2,0,0,0,1,1,1,0,0,0,0,2,0,2,0,0
과업,개인업무,대출 받기,0,0,2,0,0,3,1,2,0,0,0,0,5,1,0,0,0
과업,개인업무,회식 참석하기,0,2,2,0,2,1,2,3,0,1,0,0,5,1,0,0,0
과업,개인업무,뿌리염색 하기,0,1,0,0,2,1,1,3,0,0,0,0,1,1,0,0,0
과업,개인업무,매직하기,0,1,0,0,3,0,1,3,0,0,0,0,0,0,0,0,0
과업,개인업무,새치염색 하기,0,1,0,0,3,0,1,3,0,0,0,0,1,7,0,0,0
과업,직장업무,칼럼 작성,0,0,2,0,0,2,1,2,0,0,0,2,1,1,0,0,0
과업,집안일,옷장 정리하기,1,2,0,0,0,0,1,2,0,0,0,0,0,0,0,0,0
과업,집안일,안 입는 옷 버리기,0,3,1,0,0,0,1,2,0,0,0,0,0,0,0,0,0
과업,집안일,가구 버리기,1,3,1,0,2,1,1,2,0,0,0,0,0,1,0,0,0
과업,집안일,냉장고 정리하기,1,3,1,0,0,0,1,2,0,0,0,0,1,1,0,0,0
과업,집안일,신발장 정리하기,1,2,1,0,0,0,1,2,0,0,0,0,1,0,0,0,0
과업,집안일,컴퓨터 청소하기,0,2,1,0,0,0,1,2,0,0,0,0,1,0,0,0,0
과업,직장업무,제초하기,0,3,0,0,0,0,1,2,0,0,0,0,0,0,0,0,0
과업,직장업무,농작물 심기,0,4,0,0,2,3,1,4,0,0,0,1,0,0,0,0,0
과업,개인업무,자동차 배터리 교체,0,1,0,0,2,0,1,2,0,0,0,0,0,1,0,0,0
과업,개인업무,핸드폰 배터리 교체,0,1,0,0,3,0,1,2,0,0,0,0,0,0,0,0,0
과업,개인업무,노트북 배터리 교체,0,1,0,0,3,0,1,2,0,0,0,0,0,0,0,0,0
과업,직장업무,농작물 수확,0,4,2,0,0,3,1,4,0,0,0,0,0,0,0,0,5
과업,개인업무,케이크 예약,0,0,2,0,3,3,1,1,0,0,0,1,0,0,0,0,0
과업,개인업무,택배 찾기,0,1,2,0,0,1,1,1,0,0,0,0,1,0,0,0,0
과업,개인업무,택배 보내기,0,2,2,0,2,1,1,2,0,0,0,0,1,0,0,0,0
과업,개인업무,투자 상품 찾기,0,0,2,0,0,0,1,1,0,0,0,1,0,1,0,0,0
과업,집안일,쌀 불리기,1,1,0,0,0,0,1,1,0,0,0,0,3,0,0,0,0
과업,집안일,밥 앉히기,1,1,0,0,0,0,1,2,0,0,0,0,3,0,0,0,0
과업,집안일,나갈 때 조명 끄기,1,1,0,0,0,0,1,0,0,0,0,0,3,0,0,0,0
과업,집안일,나갈 때 보일러 끄기,1,1,0,0,0,0,1,0,0,0,0,0,3,0,0,0,0
과업,집안일,나갈 때 에어컨 끄기,1,1,0,0,0,0,1,0,0,0,0,0,3,0,0,0,0
과업,집안일,나갈 때 콘센트 뽑기,1,1,0,0,0,0,1,0,0,0,0,0,3,0,0,0,0
과업,직장업무,스크럼 진행하기,0,2,2,0,0,1,2,2,0,0,0,1,3,1,0,0,0
과업,개인업무,사랑니 뽑기,0,2,3,0,2,2,1,3,0,0,0,0,5,6,0,3,0
과업,개인업무,자동차 방향제 설치,0,1,0,0,2,1,1,1,0,0,0,0,0,1,0,0,0
과업,집안일,김장하기,0,4,2,0,4,4,1,4,0,0,0,0,0,0,0,4,5
과업,개인업무,눈썹 문신하기,0,1,1,0,3,2,1,2,0,0,0,0,0,0,0,0,0
과업,직장업무,종무식 참여하기,0,2,2,0,0,0,2,3,0,0,0,0,5,1,0,0,0
과업,직장업무,시무식 참여하기,0,2,2,0,0,0,2,3,0,0,0,0,5,1,0,0,0
과업,개인업무,축가 부르기,0,2,2,0,0,2,0,1,0,0,0,1,5,0,0,0,0
과업,집안일,어항 청소하기,0,2,1,0,0,1,1,2,0,0,0,0,1,0,0,0,0
과업,개인업무,플리마켓 참여하기,0,3,2,0,2,1,2,2,0,0,0,0,0,0,0,0,0
과업,집안일,조경하기,0,2,1,0,0,0,1,2,0,0,0,0,0,0,0,0,0
과업,집안일,전등 교체,0,2,0,0,2,1,1,1,0,0,0,0,0,0,0,0,0
일상,힐링,낮잠 자기,1,0,0,0,0,0,1,3,0,2,0,0,2,0,0,1,0
일상,일상,일찍 일어나기,1,0,0,0,0,0,1,0,0,2,0,0,3,0,0,0,0
일상,일상,친척집 놀러가기,1,2,0,0,0,1,0,4,0,0,0,0,0,0,0,0,0
일상,일상,책상 청소하기,1,1,1,0,0,0,0,2,0,0,0,0,2,0,0,0,0
일상,일상,이불 개기,1,1,1,0,0,0,0,1,0,0,0,0,3,0,0,0,0
일상,일상,수면 시간 측정하기,1,0,1,0,0,0,1,0,0,0,0,0,3,0,0,0,0
일상,식사,고기 구워먹기,1,1,1,0,2,1,0,3,0,0,0,0,1,0,0,1,0
일상,힐링,눈사람 만들기,0,2,1,0,0,1,0,2,0,0,0,1,0,4,4,1,0
일상,기타,구독 서비스 관리하기,1,0,2,0,0,0,1,1,0,0,0,0,0,0,0,0,0
일상,기타,주변인에게 기프티콘 선물하기,1,0,1,0,2,1,1,2,0,0,0,1,1,4,0,0,0
일상,일상,사진 정리하기,1,0,1,0,0,0,1,2,0,0,0,0,0,0,0,0,0
일상,건강,술 없는 하루 보내기,1,0,0,0,0,1,1,0,0,2,0,0,1,1,0,0,0
일상,건강,하루동안 금연하기,1,0,0,0,0,1,1,0,0,2,0,0,1,1,0,0,0
일상,건강,유산균(야구르트/요거트) 먹기,0,1,0,0,1,0,0,1,0,2,0,0,2,0,0,0,0
일상,건강,계단 이용하기,1,3,1,0,0,0,0,1,0,2,0,0,1,0,0,0,0
일상,일상,자동 세차하기,0,2,1,0,2,1,0,1,1,0,0,0,0,1,0,0,0
일상,일상,손 세차 하기,0,3,2,0,2,2,0,2,1,0,0,0,0,1,0,0,0
일상,일상,목욕 하기,0,1,1,0,0,0,1,2,0,0,0,0,1,0,0,0,0
일상,건강,음식 천천히 먹기,0,1,1,0,0,0,1,2,0,0,0,0,3,0,0,0,0
일상,건강,하루 동안 바른 자세 유지하기,1,1,0,0,0,1,1,4,0,2,0,0,3,0,0,0,0
일상,건강,치과 가기,0,2,0,0,0,1,0,3,0,2,0,0,0,0,0,0,0
일상,건강,스케일링 받기,0,1,1,0,3,2,1,2,0,2,0,0,0,0,0,0,0
일상,건강,자주 웃기,0,0,1,0,0,0,1,0,0,0,0,0,3,0,0,1,0
일상,일상,방 청소하기,1,2,1,0,0,1,0,2,0,0,0,0,2,0,0,0,0
일상,건강,인스턴트 음식 안먹기,0,0,0,0,0,1,1,0,0,2,0,0,1,0,0,0,0
일상,건강,아이스 버킷 챌린지,0,1,0,0,0,3,1,1,0,0,1,0,0,4,0,0,0
일상,건강,최신 가요 챌린지,0,0,2,0,0,1,0,2,0,0,0,1,0,4,0,0,0
일상,건강,과일 먹기,1,1,0,0,0,1,0,1,0,2,0,0,1,0,0,0,0
일상,힐링,휴식 하기,0,0,0,0,0,0,0,2,0,2,0,0,2,0,0,0,0
일상,일상,알리오 올리오 해먹기,0,1,1,0,0,2,0,2,0,0,1,0,0,0,0,1,1
일상,일상,봉골레 파스타 해먹기,0,1,1,0,0,2,0,2,0,0,1,0,0,0,0,1,1
일상,일상,치킨 시켜먹기,0,0,0,0,2,0,0,3,0,0,0,0,1,0,0,1,1
일상,일상,배달음식 시켜먹기,1,0,0,0,2,0,0,3,0,0,0,0,1,0,0,1,1
일상,일상,중고거래 하기 (판매),0,1,1,0,3,2,2,2,0,0,0,1,0,0,0,0,0
일상,일상,중고거래 하기 (구입),0,1,1,0,3,2,2,2,0,0,0,1,0,0,0,0,0
일상,일상,중고거래 하기,1,1,1,0,3,2,2,2,0,0,0,1,0,0,0,0,0
일상,식사,쌀국수 먹기,0,0,0,0,2,0,0,2,0,0,0,0,0,0,0,1,1
일상,식사,피자 먹기,0,0,0,0,2,0,0,2,0,0,0,0,0,0,0,1,1
일상,식사,족발 먹기,0,0,0,0,2,0,0,2,0,0,0,0,0,0,0,1,1
일상,식사,보쌈 먹기,0,0,0,0,2,0,0,2,0,0,0,0,0,0,0,1,1
일상,일상,추리소설 읽기,0,0,2,0,2,1,1,3,0,0,2,2,0,0,0,0,0
일상,일상,판타지 소설 읽기,0,0,1,0,2,1,1,3,0,0,2,2,0,0,0,0,0
일상,일상,에세이 읽기,0,0,1,0,2,1,1,3,0,0,2,1,0,0,0,0,0
일상,일상,MBTI 검사하기,1,0,2,0,0,0,1,1,0,0,2,0,0,0,0,0,0
일상,일상,타로 점 보기,1,0,1,0,2,1,1,2,0,0,0,0,0,0,0,0,0
일상,일상,사주 보기,1,0,1,0,3,1,1,2,0,0,0,0,0,0,0,0,0
일상,일상,꿈 해몽하기,1,0,1,0,2,1,1,1,0,0,0,1,0,0,0,0,0
일상,일상,마사지 받기,1,0,0,0,3,2,1,2,0,2,0,0,0,1,0,0,0
일상,일상,백화점 가기,0,2,0,0,0,1,0,3,0,0,0,0,0,0,0,0,0
일상,식사,식빵 구워먹기,1,1,0,0,1,1,1,1,0,0,0,0,1,0,0,0,0
일상,일상,하루연구소 들어가기,1,0,0,0,0,0,1,0,0,0,2,0,4,0,0,0,0
일상,일상,우산 챙기기,0,1,0,0,0,0,1,0,2,0,0,0,1,0,0,0,0
일상,일상,가스불 확인하기,1,0,0,0,0,0,1,0,0,0,0,0,3,0,0,0,0
일상,일상,실내등 확인하기,1,0,0,0,0,0,1,0,0,0,0,0,3,0,0,0,0
일상,식사,샐러드 먹기,0,0,0,0,2,1,0,2,0,2,0,0,1,0,0,0,1
일상,건강,저염식 식단하기,1,0,0,0,2,2,1,2,0,2,0,0,1,0,0,0,1
일상,건강,탄수화물 줄이기,1,0,0,0,0,1,1,0,0,2,0,0,1,0,0,0,0
일상,식사,햄버거 시켜먹기,0,0,0,0,2,0,0,2,0,0,0,0,1,0,0,1,1
일상,일상,긍정적으로 생각하기,1,0,1,0,0,0,1,0,0,2,2,1,3,0,0,1,0
일상,식사,떡볶이 먹기,0,0,0,0,2,0,0,2,0,0,0,0,0,0,0,1,1
일상,식사,커피 마시기,1,0,0,0,1,0,0,2,0,0,0,0,2,0,0,1,0
일상,건강,이온음료 마시기,0,0,0,0,1,0,0,1,0,0,0,0,1,0,0,0,0
일상,힐링,심호흡 하기,1,0,0,0,0,0,1,0,0,2,0,0,3,0,0,0,0
일상,힐링,하늘 보기,1,1,0,0,0,0,1,0,0,2,0,0,4,0,0,0,0
일상,식사,초밥 먹기,0,0,0,0,2,0,0,2,0,0,0,0,0,0,0,0,1
일상,식사,"찜,탕 먹기",0,0,0,0,2,0,0,2,0,0,0,0,1,0,0,0,1
일상,일상,텀블러 챙기기,1,0,0,0,0,1,1,0,0,0,0,0,3,0,0,0,0
일상,일상,비타민 먹기,1,0,0,0,0,1,1,1,0,2,0,0,3,0,0,0,0
일상,일상,오메가3 먹기,1,0,0,0,0,1,1,1,0,2,0,0,3,0,0,0,0
일상,일상,마그네슘 먹기,0,0,0,0,0,1,1,1,0,2,0,0,3,0,0,0,0
일상,일상,아연 먹기,0,0,0,0,0,1,1,1,0,2,0,0,3,0,0,0,0
일상,일상,종합 비타민 먹기,0,0,0,0,0,1,1,1,0,2,0,0,3,0,0,0,0
일상,일상,멀티 비타민 먹기,0,0,0,0,0,1,1,1,0,2,0,0,3,0,0,0,0
일상,일상,단백질 보충제 먹기,0,0,0,0,0,1,1,1,0,2,0,0,3,0,0,0,0
일상,일상,루테인 먹기,0,0,0,0,0,1,1,1,0,2,0,0,3,0,0,0,0
일상,일상,닭가슴살 먹기,0,0,0,0,1,1,1,1,0,2,0,0,2,0,0,0,1
일상,일상,간헐적 단식하기,0,0,0,0,0,0,1,0,0,2,0,0,1,1,0,0,1
일상,건강,BCAA 먹기,1,0,0,0,0,1,1,1,0,2,0,0,3,0,0,0,0
일상,건강,밀크씨슬 먹기,1,0,0,0,0,1,1,1,0,2,0,0,3,0,0,0,0
일상,일상,안경 맞추기,0,1,0,0,3,1,1,2,0,0,0,1,0,0,0,0,0
일상,일상,렌즈 사기,0,1,0,0,3,1,1,2,0,0,0,1,0,0,0,0,0
일상,일상,선글라스 사기,0,1,0,0,3,1,1,2,0,0,0,1,0,0,0,0,0
일상,건강,아르기닌 먹기,0,0,0,0,0,1,1,1,0,2,0,0,3,0,0,0,0
일상,건강,크레아틴 먹기,0,0,0,0,0,1,1,1,0,2,0,0,3,0,0,0,0
일상,건강,타우린 먹기,0,0,0,0,0,1,1,1,0,2,0,0,3,0,0,0,0
일상,건강,유산균 먹기,0,0,0,0,0,1,1,1,0,2,0,0,3,0,0,0,0
일상,일상,유치원 등원시키기,0,3,3,0,0,3,2,2,0,0,0,2,3,7,0,0,0
일상,일상,유치원 하원시키기,0,2,1,0,0,1,2,2,0,0,0,0,3,7,0,0,0
일상,일상,분유 타기,0,1,1,0,0,1,1,1,0,0,0,0,4,7,0,0,0
일상,일상,이유식 만들기,0,2,1,0,2,2,1,2,0,0,0,0,4,7,0,0,0
일상,힐링,브라질리언 왁싱,0,1,0,0,3,2,1,2,0,0,0,0,0,4,0,0,0
일상,힐링,레이저 제모하기,0,1,0,0,3,1,1,2,0,0,0,0,0,1,0,0,0
일상,힐링,다리털 정리하기,0,1,0,0,0,1,1,1,0,0,0,0,0,1,0,0,0
일상,힐링,코털 정리하기,0,1,0,0,0,1,1,1,0,0,0,0,1,1,0,0,0
일상,일상,케이크 먹기,0,0,0,0,2,0,0,2,0,0,0,0,0,0,0,1,0
일상,일상,원두 찾아보기,0,0,1,0,0,1,1,1,0,0,0,0,0,0,0,0,0
일상,일상,향수 만들기,0,1,2,0,3,2,0,2,0,0,0,1,0,0,0,0,0
일상,일상,비누 만들기,0,1,2,0,2,1,0,3,0,0,0,1,0,0,0,0,0
일상,일상,식단 찾아보기,1,0,2,0,0,1,1,1,0,0,2,0,2,0,0,0,0
일상,일상,이마트 가기,0,2,0,0,4,0,0,2,0,0,0,0,1,0,0,0,0
일상,일상,홈플러스 가기,0,2,0,0,4,0,0,2,0,0,0,0,1,0,0,0,0
일상,일상,편의점 가기,0,2,0,0,4,0,0,2,0,0,0,0,2,0,0,0,0
일상,일상,LP 구매하기,0,1,1,0,4,1,0,1,0,0,0,0,0,0,0,0,0
일상,일상,CD 구매하기,0,1,1,0,3,1,0,1,0,0,0,0,0,0,0,0,0
일상,일상,DVD 구매하기,0,1,1,0,3,1,0,1,0,0,0,0,0,0,0,0,0
일상,일상,음주하기,0,1,0,0,3,0,2,3,0,1,0,0,1,1,0,0,0
일상,힐링,홈버터 만들기,0,2,1,0,3,2,1,3,0,0,2,1,0,0,0,0,1
일상,힐링,카이막 만들기,0,2,1,0,3,2,0,3,0,0,2,1,0,0,0,0,1
일상,힐링,그릭요거트 만들기,0,2,1,0,3,2,0,3,0,0,2,1,0,0,0,0,1
일상,힐링,태닝하기,0,1,0,0,4,1,1,3,0,0,0,0,0,0,0,1,0
일상,힐링,탕후루 만들기,0,2,2,0,2,1,0,2,0,0,2,1,0,4,0,0,1
일상,힐링,마라탕 먹기,0,0,0,0,2,0,0,2,0,0,0,0,1,4,0,1,1
일상,힐링,샤브샤브 먹기,0,0,0,0,2,0,0,2,0,0,0,0,1,0,0,1,1
일상,힐링,훠궈 먹기,0,0,0,0,2,0,0,2,0,0,0,0,1,0,0,1,1
일상,힐링,볶음밥 먹기,0,0,0,0,2,0,0,2,0,0,0,0,1,0,0,1,1
일상,힐링,비빔밥 먹기,0,0,0,0,2,0,0,2,0,0,0,0,1,0,0,1,1
일상,힐링,임플란트 받기,0,1,1,0,4,3,1,2,0,0,0,0,0,7,0,4,5
일상,일상,화마 게임하기,1,0,2,0,0,0,0,2,0,0,0,2,3,0,0,1,0
일상,일상,단어탐정 이용하기,1,0,1,0,0,0,1,1,0,0,2,1,3,5,0,0,0
일상,일상,푸드레코 이용하기,1,0,0,0,0,0,1,1,0,0,0,0,3,0,0,0,0
일상,일상,슬립메이트 이용하기,1,0,0,0,0,0,1,4,0,0,0,0,3,0,0,0,0
일상,일상,메모라이즈 이용하기,1,0,0,0,0,0,1,1,0,0,0,0,3,0,0,0,0
일상,일상,드럼즈 컴트루 이용하기,1,0,0,0,0,0,1,1,0,0,0,0,3,0,0,0,0
일상,일상,빌에이지 이용하기,1,0,0,0,0,0,1,1,0,0,0,0,3,0,0,0,0
일상,일상,이코노미어스 이용하기,1,0,1,0,0,0,1,2,0,0,2,1,3,5,0,1,0
일상,일상,전통시장 구경하기,0,2,1,0,2,1,0,3,1,0,0,1,0,0,0,1,5
성장,학습,영어 공부하기,0,1,4,0,0,2,1,3,0,0,2,0,3,0,0,0,0
성장,학습,일본어 공부하기,0,1,4,0,0,3,1,3,0,0,2,0,3,0,0,0,0
성장,학습,독일어 공부하기,0,1,4,0,0,3,1,3,0,0,2,0,3,0,0,0,0
성장,학습,불어 공부하기,0,1,4,0,0,3,1,3,0,0,2,0,3,0,0,0,0
성장,시험,TOEIC 시험 보기,0,1,4,0,3,3,1,3,0,0,2,0,0,6,0,4,6
성장,시험,TOEIC Speaking 시험 보기,0,1,4,0,3,3,1,3,0,0,2,0,0,6,0,4,6
성장,시험,OPIc 시험보기,0,1,4,0,3,3,1,2,0,0,2,0,0,6,0,4,6
성장,학습,해외 뉴스/신문 보기,1,1,2,0,0,3,1,2,0,0,2,0,3,0,0,0,0
성장,학습,논문 읽기,0,1,3,0,0,3,1,2,0,0,2,0,1,1,0,0,0
성장,학습,스피치/발표 연습하기,0,1,2,0,0,3,0,2,0,0,2,1,5,0,0,0,0
성장,자기개발,정기적인 목표 세우기,1,1,2,0,0,1,1,1,0,0,2,1,1,0,0,0,0
성장,자기개발,인생 목표 세우기,1,1,2,0,0,1,1,0,0,0,2,1,0,0,0,0,0
성장,학습,재테크 공부하기,0,1,4,0,0,3,1,0,0,0,2,0,2,1,0,0,0
성장,자기개발,자기 계발서 읽기,1,0,1,0,2,1,1,0,0,0,2,0,1,4,0,0,0
성장,학습,특강 듣기,0,0,3,0,0,0,0,0,0,0,2,0,0,0,0,0,0
성장,시험,운전 면허 시험 보기,0,2,2,0,3,2,0,0,1,0,2,0,5,1,0,4,6
성장,자기개발,블로그 작성,0,0,3,0,0,0,0,0,0,0,2,2,1,0,0,0,0
성장,자기개발,포트폴리오 작성,0,0,4,0,0,2,0,0,0,0,2,2,0,6,0,0,0
성장,자기개발,자기반성 하기,0,0,1,0,0,0,0,0,0,0,2,0,3,0,0,0,0
성장,자기개발,댄스 배우기,1,4,2,0,3,2,0,0,0,2,2,0,2,0,0,0,0
성장,자기개발,명상 하기,1,0,0,0,0,0,0,0,0,2,0,0,2,0,0,0,0
성장,학습,기술 서적 읽기,0,0,1,0,2,1,0,0,0,0,2,0,1,1,0,0,0
성장,학습,코딩 대회 참여,0,1,4,0,0,2,0,0,0,0,2,2,0,6,0,4,6
성장,자기개발,경진대회 참여,0,1,4,0,0,1,0,0,0,0,2,2,0,6,0,4,6
성장,자기개발,스마트폰 사용 줄이기,1,0,0,0,0,0,0,0,0,2,0,0,4,0,0,0,0
성장,자기개발,감상문 쓰기,0,0,1,0,0,0,0,0,0,0,2,1,1,0,0,0,0
성장,자기개발,TIL 작성하기,0,0,1,0,0,0,0,0,0,0,2,1,3,4,0,0,0
성장,자기개발,일상의 기쁨 기록하기,1,0,0,0,0,0,0,0,0,0,0,1,3,0,0,1,0
성장,자기개발,기억력 강화 트레이닝,1,0,2,0,0,0,0,0,0,0,2,0,2,0,0,0,0
성장,자기개발,골프 배우기,1,4,2,0,4,3,0,0,0,0,2,0,1,7,0,0,0
성장,자기개발,테니스 배우기,1,4,1,0,4,3,0,0,0,2,2,0,1,6,0,0,0
성장,자기개발,탁구 배우기,1,4,1,0,3,3,0,0,0,2,2,0,1,6,0,0,0
성장,자기개발,수영 배우기,1,4,0,0,3,2,0,0,0,2,2,0,1,0,0,0,0
성장,자기개발,당구 배우기,1,3,1,0,2,2,0,0,0,2,2,0,1,6,0,0,0
성장,자기개발,피아노 배우기,1,2,1,0,4,2,0,0,0,2,2,0,1,0,0,0,0
성장,자기개발,기타 배우기,1,2,1,0,4,2,0,0,0,0,2,0,1,0,0,0,0
성장,자기개발,드럼 배우기,1,2,1,0,4,2,0,0,0,0,2,0,1,0,0,0,0
성장,자기개발,신조어 배우기,1,0,1,0,0,0,0,0,0,0,2,0,2,0,0,0,0
성장,자기개발,심리학 강의듣기,0,0,1,0,0,0,0,0,0,0,2,0,0,0,0,0,0
성장,자기개발,논문 작성하기,0,0,4,0,0,0,0,0,0,0,2,2,0,1,0,0,0
성장,자기개발,무용 배우기,1,3,3,0,4,2,0,0,0,2,2,0,1,0,0,0,0
성장,자기개발,철학 서적 읽기,0,0,1,0,2,0,0,0,0,0,2,0,1,0,0,0,0
성장,자기개발,자기소개서 쓰기,0,0,4,0,0,2,0,0,0,0,2,2,1,6,0,0,0
성장,자기개발,채용공고 지원하기,0,0,0,0,0,0,0,0,0,0,0,0,1,6,0,0,0
성장,자기개발,채용일정 확인하기,0,0,0,0,0,0,0,0,0,0,0,0,1,6,0,0,0
성장,자기개발,부트캠프 참가하기,0,0,1,0,0,0,0,0,0,0,2,0,0,6,0,0,0
성장,자기개발,취업 준비하기,0,0,3,0,0,0,0,0,0,0,2,0,3,6,0,0,0
성장,자기개발,동영상 편집 배우기,0,0,3,0,3,1,0,0,0,0,2,0,1,0,0,0,0
성장,자기개발,사진 편집 배우기,0,0,2,0,3,1,0,0,0,0,2,0,1,0,0,0,0
성장,자기개발,사진 촬영 배우기,0,0,2,0,0,1,0,0,0,0,2,0,1,0,0,0,0
성장,자기개발,밴드 가입하기,0,0,0,0,0,0,0,0,0,0,0,0,0,0,0,0,0
성장,자기개발,해커톤 참가하기,0,2,1,0,0,3,2,0,0,0,2,2,0,6,0,4,6
성장,자기개발,대학원 가기,0,0,0,0,0,4,1,4,0,1,2,0,5,1,0,4,0
성장,자기개발,코드리뷰 하기,0,0,3,0,0,2,2,2,0,0,2,0,2,0,0,0,0
성장,자기개발,글 작성하기,0,0,2,0,0,0,1,2,0,0,2,2,1,0,0,0,0
성장,자기개발,다른 학과 수업 들어보기,0,1,1,0,0,1,1,3,0,0,2,0,0,1,0,0,0
성장,자기개발,한글 공부하기,0,1,4,0,0,2,1,3,0,0,2,0,3,0,0,0,0
성장,자기개발,중국어 공부하기,0,1,4,0,0,2,1,3,0,0,2,0,3,0,0,0,0
성장,자기개발,작사/작곡 배우기,1,1,4,0,4,3,1,3,0,0,2,2,3,0,0,0,0
성장,자기개발,외국 노래로 공부하기,1,0,4,0,0,1,1,2,0,0,2,0,3,0,0,0,0
성장,자기개발,외국 드라마로 공부하기,1,0,3,0,0,1,1,3,0,0,2,0,3,0,0,0,0
성장,자기개발,단어 쉐도잉,1,0,3,0,0,1,1,2,0,0,2,0,3,0,0,0,0
성장,자기개발,카피랩 하기,1,0,3,0,0,1,1,1,0,0,2,0,1,0,0,0,0
성장,자기개발,선물 옵션 이용해보기,0,0,2,0,0,1,1,1,0,0,2,1,1,0,0,0,0
성장,자기개발,풋 옵션 이용해보기,0,0,2,0,0,1,1,1,0,0,2,1,1,0,0,0,0
성장,자기개발,코인 매수하기,0,0,4,0,3,2,1,1,0,0,0,1,4,5,0,0,0
성장,자기개발,코인 매도하기,0,0,4,0,3,2,1,1,0,0,0,1,4,5,0,0,0
성장,자기개발,경제 서적 읽기,1,0,2,0,2,1,1,3,0,0,2,0,1,0,0,0,0
성장,자기개발,자유영 배우기,1,4,0,0,3,3,0,2,0,0,2,0,2,0,0,0,3
성장,자기개발,배영 배우기,1,4,0,0,3,3,0,2,0,0,2,0,2,0,0,0,3
성장,자기개발,평영 배우기,1,4,0,0,3,3,0,2,0,0,2,0,2,0,0,0,3
성장,자기개발,접영 배우기,1,4,0,0,3,3,0,2,0,0,2,0,2,0,0,0,3
성장,자기개발,화 내보기,1,0,2,0,0,1,1,1,0,0,2,0,2,0,0,0,0
성장,자기개발,감정 참지 않기,1,0,2,0,0,1,1,1,0,0,2,0,2,0,0,0,0
성장,자기개발,울기,1,0,2,0,0,1,1,1,0,0,2,0,2,0,0,2,0
성장,자기개발,연극 참여하기,0,3,3,0,4,3,2,3,0,0,2,0,1,0,0,1,0
성장,학습,면접 준비하기,0,2,4,0,0,3,1,3,0,0,2,0,1,0,0,0,0
성장,학습,자료 수집하기,0,0,3,0,0,0,1,3,0,0,0,0,1,0,0,0,0
성장,자기개발,보컬학원 다니기,0,1,1,0,4,1,1,2,0,0,2,0,2,0,0,0,0
성장,학습,인프런 강의 구매,0,0,2,0,3,1,1,1,0,0,2,0,0,6,0,0,0
성장,학습,NCS 공부하기,0,0,4,0,2,1,1,3,0,0,2,0,3,6,0,0,0
성장,학습,문제집 풀기,0,0,3,0,0,0,1,3,0,0,2,0,3,0,0,0,0
성장,학습,수학 공부하기,0,0,4,0,0,0,1,3,0,0,2,0,2,5,0,0,0
성장,학습,과학탐구 공부하기,0,0,4,0,0,0,1,3,0,0,2,0,2,5,0,0,0
성장,학습,사회탐구 공부하기,0,0,4,0,0,0,1,3,0,0,2,0,2,5,0,0,0
성장,학습,국어 공부하기,0,0,4,0,0,0,1,3,0,0,2,0,2,5,0,0,0
성장,학습,윤리와사상 공부하기,0,0,4,0,0,0,1,3,0,0,2,0,2,5,0,0,0
성장,학습,한국사 공부하기,0,0,4,0,0,0,1,3,0,0,2,0,2,5,0,0,0
성장,학습,세계사 공부하기,0,0,4,0,0,0,1,3,0,0,2,0,2,5,0,0,0
성장,학습,물리 공부하기,0,0,4,0,0,0,1,3,0,0,2,0,2,5,0,0,0
성장,학습,한국지리 공부하기,0,0,4,0,0,0,1,3,0,0,2,0,2,5,0,0,0
성장,학습,셰계지리 공부하기,0,0,4,0,0,0,1,3,0,0,2,0,2,5,0,0,0
성장,학습,인터넷 강의 듣기,0,0,4,0,0,0,1,3,0,0,2,0,2,5,0,0,0
성장,학습,학원 가기,0,0,1,0,0,0,1,3,0,0,2,0,2,5,0,0,0
성장,학습,지구과학 공부하기,0,0,4,0,0,0,1,3,0,0,2,0,2,5,0,0,0
성장,학습,생명과학 공부하기,0,0,4,0,0,0,1,3,0,0,2,0,2,5,0,0,0
성장,학습,화학 공부하기,0,0,4,0,0,0,1,3,0,0,2,0,2,5,0,0,0
성장,학습,수행평가 준비하기,0,0,4,0,0,0,1,3,0,0,2,0,2,5,0,0,0
소통,대면,친구와 저녁 먹기,0,1,1,0,2,1,2,3,0,0,0,0,1,0,0,1,1
소통,대면,친구와 점심 먹기,0,1,1,0,2,1,2,3,0,0,0,0,1,0,0,1,1
소통,대면,친구와 식사하기,1,1,1,0,2,1,2,3,0,0,0,0,1,0,0,1,1
소통,대면,직장 동료와 저녁 먹기,0,1,1,0,2,1,2,1,0,0,0,0,1,0,0,4,1
소통,기타,등산 소모임 가입하기,0,0,1,0,0,2,0,1,0,0,1,0,0,1,0,0,0
소통,기타,사진 동호회 가입하기,0,0,1,0,0,2,0,1,0,0,1,0,0,1,0,0,0
소통,기타,볼링 동호회 가입하기,0,0,1,0,0,2,0,1,0,0,1,0,0,1,0,0,0
소통,기타,독서 소모임 가입하기,0,0,1,0,0,2,0,1,0,0,1,0,0,0,0,0,0
소통,기타,주변 사람한테 편지쓰기,1,1,2,0,0,2,1,2,0,0,0,2,0,0,0,0,0
소통,대면,부모님께 요리 대접하기,1,2,1,0,0,2,2,3,0,0,0,0,0,4,0,0,1
소통,대면,가족과 고기 먹으러 가기,0,2,0,0,2,1,2,3,0,0,0,0,1,0,0,1,1
소통,대면,가족과 회 먹으러 가기,0,2,0,0,2,1,2,3,0,0,0,0,1,0,0,1,1
소통,대면,가족과 지역축제 가기,1,2,0,0,0,2,2,4,1,0,0,0,0,0,0,1,5
소통,기타,명절 안부 인사 드리기,0,0,1,0,0,0,0,1,0,0,0,0,0,0,0,0,0
소통,기타,새해 인사 드리기,0,0,1,0,0,0,0,1,0,0,0,0,0,0,0,0,0
소통,기타,연말 인사 드리기,0,0,1,0,0,0,0,1,0,0,0,0,0,0,0,0,0
소통,메신저,인스타 스토리 작성하기,0,0,3,0,0,0,0,1,0,0,0,2,2,6,0,0,0
소통,메신저,인스타 피드 남기기,0,0,2,0,0,0,0,1,0,0,0,2,2,6,0,0,0
소통,기타,친구과 인생네컷 찍기,0,1,1,0,1,1,2,1,0,0,0,2,1,4,0,1,0
소통,대면,친구와 술 마시기,0,1,0,0,2,1,2,4,0,1,0,0,1,1,0,1,1
소통,대면,친구와 한강 데이트,0,3,0,0,2,2,2,4,1,0,0,0,0,0,0,1,5
소통,대면,부모님 안마해드리기,1,1,0,0,0,0,1,2,0,0,0,0,1,0,0,0,0
소통,대면,부모님에게 사랑한다고 말하기,1,0,0,0,0,0,1,0,0,0,0,0,3,0,0,1,0
소통,대면,조카 용돈 주기,0,0,1,0,3,1,1,0,0,0,0,0,0,6,0,2,0
소통,대면,조카 장난감 사주기,0,0,1,0,3,1,1,0,0,0,0,0,0,6,0,2,0
소통,대면,조카랑 자전거 타기,0,3,0,0,0,1,2,3,1,0,0,0,0,6,0,4,0
소통,대면,가족과 보드게임 하기,1,1,1,0,0,1,2,3,0,0,0,1,0,0,0,1,5
소통,대면,가족과 윷놀이 하기,1,1,1,0,0,1,2,3,0,0,0,1,0,0,0,1,5
소통,메신저,유튜브 스트리밍 하기,0,1,2,0,0,0,0,3,0,0,0,2,2,0,0,0,4
소통,메신저,아프리카 방송하기,0,1,2,0,0,1,0,3,0,0,0,2,2,0,0,0,4
소통,메신저,트위치 방송하기,0,1,2,0,0,1,0,3,0,0,0,2,2,0,0,0,4
소통,메신저,팟 캐스트 방송하기,0,1,2,0,0,1,0,3,0,0,0,2,2,0,0,0,4
소통,메신저,스푼라디오 방송하기,0,1,2,0,0,1,0,3,0,0,0,2,2,0,0,0,4
소통,메신저,인스타 라이브하기,1,1,2,0,0,0,0,2,0,0,0,1,1,0,0,0,0
소통,대면,친구와 카페가기,1,2,0,0,2,1,2,3,0,0,0,0,1,0,0,1,5
소통,메신저,카페 활동하기,0,0,1,0,0,0,1,1,0,0,0,0,2,0,0,0,0
소통,메신저,카페 등업하기,0,0,1,0,0,0,1,1,0,0,0,0,2,0,0,0,0
소통,메신저,카페 관리하기,0,0,1,0,0,1,1,1,0,0,0,1,2,0,0,0,0
소통,대면,이별하기,0,1,4,0,0,2,2,2,0,1,2,0,5,0,0,2,5
소통,대면,보드게임 하기,1,1,3,0,2,1,2,3,0,0,0,1,1,0,0,1,5
소통,메신저,줌으로 만나기,0,0,0,0,0,0,2,2,0,0,0,1,1,0,0,0,5
소통,대면,선물 사기,1,1,3,0,2,2,1,2,0,0,0,2,0,0,0,1,0
소통,대면,선물 하기,1,1,0,0,0,1,1,1,0,0,0,0,0,0,0,1,0
소통,대면,생일 파티 하기,0,2,2,0,3,2,2,3,0,0,0,0,0,0,0,1,5
소통,대면,용돈 드리기,1,0,1,0,3,2,0,1,0,0,0,0,0,0,0,0,0
소통,대면,2인용 자전거 같이 타기,0,3,1,0,2,0,2,2,1,2,0,0,0,0,0,0,3
소통,메신저,인스타 좋아요 누르기,1,0,0,0,0,0,1,0,0,0,0,0,4,0,0,0,0
소통,메신저,재밌는 영상 공유하기,1,0,2,0,0,0,1,0,0,0,0,0,4,0,0,1,0
소통,메신저,틱톡 촬영하기,0,2,3,0,0,0,0,2,0,0,0,0,0,0,0,0,0
소통,메신저,유튜브 댓글 달기,1,0,1,0,0,0,1,0,0,0,0,1,3,0,0,0,0
소통,메신저,라이브 채팅 참여하기,1,0,1,0,0,0,1,0,0,0,0,2,4,0,0,0,0
소통,대면,영화 시사회 참여하기,0,1,1,0,2,3,2,3,0,0,0,0,0,0,0,1,5
소통,대면,팬미팅 참여하기,0,3,2,0,3,4,2,3,0,0,0,0,0,0,0,1,5
소통,대면,교환일기 하기,0,1,3,0,0,2,2,2,0,0,0,2,2,0,0,1,0
소통,대면,토론하기,0,1,4,0,0,3,2,2,0,0,2,2,1,0,0,0,0
소통,대면,동호회 가입하기,0,0,1,0,0,0,1,0,0,0,0,0,0,0,0,0,0
소통,대면,동아리 가입하기,0,0,1,0,0,0,1,0,0,0,0,0,0,0,0,0,0
소통,대면,동아리 운영하기,0,0,1,0,0,0,1,1,0,0,0,0,1,0,0,0,0
소통,대면,마니또 하기,0,1,2,0,2,1,2,1,0,0,0,0,0,0,0,0,0
소통,대면,진실게임 하기,0,2,3,0,0,1,2,2,0,0,0,1,0,0,0,0,0
소통,대면,술게임 하기,0,2,2,0,0,1,2,2,0,0,1,2,1,0,0,0,0
소통,대면,비판하기,0,0,2,0,0,1,1,1,0,0,2,1,1,0,0,0,0
소통,대면,조별회의 하기,0,1,3,0,0,2,2,2,0,0,0,1,2,0,0,0,0
소통,대면,민속촌 가기,0,2,0,0,1,1,0,3,1,0,0,0,0,0,0,0,2
소통,대면,청첩장 돌리기,0,1,2,0,0,1,1,2,0,0,0,2,5,6,0,0,0
소통,대면,결혼식 가기,0,2,0,0,3,2,2,3,0,0,0,1,0,1,0,0,5
소통,대면,장례식 가기,0,2,0,0,3,2,2,3,0,0,0,1,0,1,0,0,5
소통,대면,돌잔치 가기,0,2,0,0,3,2,2,3,0,0,0,1,0,1,0,0,5
소통,대면,LT 가기,0,3,0,0,2,1,2,4,0,0,0,1,0,0,0,0,5
소통,대면,OT 가기,0,3,0,0,2,1,2,4,0,0,0,1,0,0,0,0,5
소통,대면,체육대회 참가,0,4,0,0,2,1,2,4,0,2,0,0,0,0,0,0,5
여가,창작,블로그 포스팅하기,1,1,2,0,0,2,1,3,0,0,2,2,2,4,0,0,0
여가,여행/탐방/방문,테마파크 방문하기,1,2,0,0,3,2,0,4,1,0,0,1,0,5,0,1,2
여가,감상,공포 영화 보기,0,0,2,0,2,2,0,3,0,1,0,0,2,4,0,3,0
여가,감상,액션 영화 보기,0,0,2,0,2,1,0,3,0,0,0,0,2,4,0,0,0
여가,감상,슬픈 영화 보기,0,0,2,0,2,1,0,3,0,0,0,0,1,4,0,2,0
여가,감상,로맨스 영화 보기,0,0,2,0,2,1,0,3,0,0,0,0,2,4,0,0,0
여가,감상,스릴러 영화 보기,0,0,2,0,2,2,0,3,0,0,0,0,2,4,0,3,0
여가,운동,롤러스케이트 타기,1,3,1,0,2,3,0,3,1,2,2,1,0,5,0,4,3
여가,여행/탐방/방문,식물원/수목원 방문하기,1,2,0,0,2,1,0,3,1,2,2,0,1,0,0,0,2
여가,여행/탐방/방문,찜질방 가기,1,2,0,0,2,1,0,3,0,2,0,0,1,0,0,0,0
여가,기타,햇볕 쬐기,1,0,0,0,0,0,0,2,0,2,0,0,4,0,0,0,0
여가,감상,야경 감상하기,1,0,0,0,0,0,0,2,0,0,0,0,2,0,0,1,0
여가,온라인,콘솔 게임하기,1,0,2,0,2,2,0,3,0,1,0,1,2,6,0,1,0
여가,운동,클라이밍 하기,0,4,2,0,2,4,0,3,1,2,0,2,1,6,0,4,3
여가,기타,바둑 두기,1,1,3,0,0,2,2,2,0,0,2,2,2,0,0,0,0
여가,기타,체스 하기,1,1,3,0,0,2,2,2,0,0,2,2,2,0,0,0,0
여가,기타,레고 조립하기,0,1,2,0,2,2,0,2,0,0,2,2,2,5,0,0,0
여가,기타,로또/복권 사기,0,0,0,0,1,1,1,1,0,0,0,0,2,1,0,0,0
여가,운동,무에타이 하기,0,4,2,0,0,4,0,2,1,2,0,0,2,6,0,4,3
여가,운동,크로스핏 하기,0,4,2,0,0,4,0,2,1,2,0,0,2,6,0,4,3
여가,기타,프라모델 만들기,1,1,2,0,2,2,0,2,0,0,0,2,1,6,0,0,0
여가,창작,그림 그리기,1,1,2,0,2,3,1,2,0,0,0,2,2,0,0,0,4
여가,기타,다큐멘터리 시청하기,1,0,2,0,0,1,0,2,0,0,2,0,2,0,0,0,0
여가,여행/탐방/방문,도서관 가기,1,2,0,0,0,1,0,3,0,0,2,0,2,0,0,0,0
여가,여행/탐방/방문,미술관 가기,1,2,0,0,0,2,0,3,0,0,2,0,1,0,0,0,5
여가,온라인,웹툰 보기,1,1,2,0,0,0,1,1,0,0,0,0,3,0,0,0,0
여가,온라인,팟 캐스트 듣기,1,0,2,0,0,1,0,2,0,0,0,0,3,0,0,0,0
여가,감상,만화책 읽기,1,1,2,0,0,0,1,2,0,0,0,0,3,0,0,0,0
여가,여행/탐방/방문,경주 불국사 가기,0,2,0,0,0,2,0,3,1,2,2,0,0,0,0,1,2
여가,여행/탐방/방문,단양 구인사 가기,0,2,0,0,0,2,0,3,1,2,2,0,0,0,0,1,2
여가,여행/탐방/방문,남이섬 가기,0,2,0,0,0,2,0,4,1,2,2,0,0,0,0,1,2
여가,여행/탐방/방문,목욕탕 가기,1,2,0,0,1,2,0,3,0,0,0,0,1,0,0,0,0
여가,여행/탐방/방문,당일치기 여행가기,1,2,0,0,3,2,0,4,1,0,2,0,0,5,0,1,2
여가,창작,미니어쳐 조립하기,0,1,2,0,3,2,0,2,0,0,0,0,1,6,0,0,0
여가,감상,고전 영화 보기,0,0,2,0,0,2,0,3,0,0,2,0,2,0,0,0,0
여가,여행/탐방/방문,지역축제 가기,1,2,0,0,0,2,0,4,1,0,0,0,0,0,0,1,2
여가,여행/탐방/방문,번지점프 하기,0,2,1,0,3,4,0,2,1,1,0,0,0,6,0,0,5
여가,여행/탐방/방문,짚라인 타기,0,2,1,0,3,3,0,2,1,0,0,0,0,4,0,0,5
여가,기타,혼자 인생네컷 찍기,0,1,1,0,1,2,1,1,0,0,0,2,1,4,0,2,0
여가,여행/탐방/방문,음악회 참석하기,0,0,0,0,3,1,0,3,0,0,2,0,0,0,0,0,5
여가,기타,인생네컷 찍기,1,1,1,0,1,1,0,1,0,0,0,2,1,4,0,0,0
여가,여행/탐방/방문,카약 타기,0,2,0,0,3,1,0,2,1,2,0,0,0,0,0,0,5
여가,여행/탐방/방문,오리배 타기,0,3,0,0,2,1,2,2,1,2,0,0,0,0,0,4,5
여가,운동,스킨 다이빙 하기,0,3,1,0,3,3,1,2,1,0,0,0,0,4,0,0,5
여가,운동,스쿠버 다이빙 하기,0,3,1,0,3,3,1,2,1,0,0,0,0,4,0,0,5
여가,여행/탐방/방문,크리스마스 마켓 방문,0,1,0,0,0,0,0,3,0,0,0,0,0,0,0,1,5
여가,여행/탐방/방문,일출 보기,0,1,0,0,0,1,0,2,1,0,0,0,0,0,0,1,0
여가,여행/탐방/방문,일몰 보기,0,1,0,0,0,1,0,2,1,0,0,0,0,0,0,1,0
여가,여행/탐방/방문,갯벌 체험,0,3,1,0,2,2,2,4,1,2,0,1,0,0,0,0,2
여가,여행/탐방/방문,단풍 보러 가기,0,2,0,0,0,0,0,3,1,0,0,0,0,0,0,1,2
여가,여행/탐방/방문,사진전 가기,1,1,0,0,2,0,0,3,0,0,2,0,1,0,0,0,5
여가,여행/탐방/방문,온천 가기,0,1,0,0,3,0,0,3,0,2,0,0,0,0,0,0,5
여가,운동,루지 타기,0,4,2,0,2,1,0,2,1,0,0,0,0,4,0,0,3
여가,운동,패러글라이딩 타기,0,4,1,0,3,3,1,3,1,0,0,0,0,4,0,1,3
여가,운동,스카이다이빙 하기,0,4,2,0,4,4,1,4,1,0,0,0,0,4,0,1,3
여가,운동,프리다이빙 하기,0,4,2,0,3,3,1,3,1,0,0,0,0,4,0,1,3
여가,기타,비누방울 놀이 하기,0,1,0,0,1,0,0,1,0,0,0,0,1,5,0,1,0
여가,기타,슬라임 만지기,0,1,0,0,1,1,1,1,0,0,0,1,3,5,0,1,0
여가,여행/탐방/방문,재즈바 방문,1,1,0,0,2,0,2,3,0,0,0,0,1,6,0,1,0
여가,여행/탐방/방문,오마카세 가기,1,1,0,0,3,0,5,3,0,0,0,0,0,6,0,1,1
여가,여행/탐방/방문,칵테일바 가기,1,1,0,0,2,0,2,3,0,1,0,0,1,6,0,1,0
여가,기타,비 맞기,0,1,0,0,0,0,1,1,2,1,0,0,1,4,0,0,0
여가,기타,눈 밟기,0,1,0,0,0,0,1,1,2,0,0,0,0,0,4,1,0
여가,운동,게이트볼 하기,0,3,0,0,0,1,2,2,1,2,0,1,1,0,0,4,3
여가,기타,제과/제빵 하기,0,2,2,0,3,2,1,3,0,0,0,1,1,0,0,0,0
여가,여행/탐방/방문,바다 낚시 하기,0,2,1,0,3,3,0,4,1,0,0,0,0,7,0,0,5
여가,여행/탐방/방문,민물 낚시 하기,0,2,1,0,2,3,0,4,1,0,0,0,1,7,0,0,5
여가,여행/탐방/방문,워터파크 가기,0,4,1,0,3,2,2,4,0,0,0,0,0,4,0,1,2
여가,여행/탐방/방문,글램핑 가기,0,3,1,0,4,3,2,4,0,0,0,0,0,0,0,1,2
여가,여행/탐방/방문,등산 하기,0,3,1,0,0,1,2,4,1,2,0,0,0,0,0,0,3
여가,기타,먹태깡 먹기,0,0,0,0,1,0,1,1,0,0,0,0,1,0,0,1,0
여가,감상,심야영화 보기,1,0,0,0,2,0,0,3,0,0,0,0,1,4,0,1,0
여가,기타,바베큐 파티하기,0,0,0,0,2,1,2,3,0,0,0,0,0,0,0,1,1
여가,기타,홈파티 하기,0,0,0,0,2,1,2,3,0,0,0,0,0,0,0,1,5
여가,여행/탐방/방문,야구 경기 관람하기,0,1,0,0,2,1,2,3,1,0,0,0,1,0,0,1,3
여가,여행/탐방/방문,축구 경기 관람하기,0,1,0,0,2,1,2,3,1,0,0,0,1,0,0,1,3
여가,여행/탐방/방문,농구 경기 관람하기,0,1,0,0,2,1,2,3,1,0,0,0,1,0,0,1,3
여가,여행/탐방/방문,스포츠 경기 관람하기,1,1,0,0,3,1,2,3,1,0,0,0,1,0,0,1,3
여가,기타,치맥 하기,1,0,0,0,2,1,2,3,1,1,0,0,2,1,0,1,1
여가,여행/탐방/방문,한강공원 가기,0,2,0,0,2,0,0,3,1,0,0,0,0,0,0,1,5
여가,기타,큐브 맞추기,0,1,3,0,1,0,1,2,0,0,2,1,1,0,0,0,0
여가,창작,DIY 가구 만들기,0,2,2,0,2,1,1,3,0,0,0,1,0,0,0,0,0
여가,감상,잡지 읽기,1,1,1,0,2,0,1,2,0,0,0,0,1,0,0,0,0
여가,온라인,유튜브 라이브 보기,0,0,0,0,0,0,1,2,0,0,0,0,3,4,0,1,0
여가,온라인,트위치 시청하기,0,0,0,0,0,0,1,2,0,0,0,0,3,4,0,1,0
여가,온라인,아프리카 시청하기,0,0,0,0,0,0,1,2,0,0,0,0,3,4,0,1,0
여가,여행/탐방/방문,해외 여행 가기,0,4,2,0,4,4,0,4,1,0,0,1,0,0,0,1,0
여가,여행/탐방/방문,국내 여행 가기,1,4,2,0,4,3,0,4,1,0,0,1,0,0,0,1,0
여가,여행/탐방/방문,유적지 탐사,1,4,2,0,3,3,0,4,1,0,0,1,0,0,0,1,0
여가,운동,PT 받기,1,4,1,0,4,3,1,2,0,2,0,0,3,1,0,4,0
여가,기타,네일샵 가기,1,1,0,2,3,2,1,2,0,0,0,1,1,4,0,0,0
여가,여행/탐방/방문,도자기 공방 가기,0,2,2,0,3,1,0,3,0,0,0,1,0,0,0,0,0
여가,여행/탐방/방문,양조장 가기,0,1,1,0,2,1,0,3,0,0,0,1,0,0,0,0,0
여가,여행/탐방/방문,꽃구경 하기,1,2,0,0,0,1,1,3,1,0,0,0,1,0,0,1,5
